{"initial_reset_timestamp": 1646608287.0529082, "timestamps": [1646608291.6281817, 1646608295.0525088, 1646608296.1633787, 1646608297.1569734, 1646608298.158866, 1646608304.2922797, 1646608305.2777805, 1646608306.2816668, 1646608309.9315655, 1646608311.1247137, 1646608317.2781866, 1646608318.3499177, 1646608319.5588446, 1646608320.7585793, 1646608321.8650913, 1646608328.0813189, 1646608329.2073734, 1646608330.2197394, 1646608331.2800841, 1646608332.2945602, 1646608338.4429584, 1646608339.5253356, 1646608340.5407279, 1646608341.5477943, 1646608342.5471787, 1646608348.7932816, 1646608350.0070417, 1646608354.007045, 1646608355.1599247, 1646608356.3897197, 1646608362.810446, 1646608364.1470063, 1646608365.3786612, 1646608366.6103961, 1646608367.7544532, 1646608374.03253, 1646608375.244162, 1646608376.5968616, 1646608377.7843862, 1646608378.8793101, 1646608385.1091597, 1646608386.1860836, 1646608387.2451653, 1646608388.2807567, 1646608389.3780515, 1646608395.6954494, 1646608396.9040914, 1646608397.9815397, 1646608399.2263765, 1646608400.532691, 1646608406.721549, 1646608407.9343555, 1646608409.0061288, 1646608410.1302233, 1646608411.2141988, 1646608417.649231, 1646608418.9374964, 1646608420.1603832, 1646608421.2788405, 1646608422.4221618, 1646608428.714557, 1646608429.8236706, 1646608431.041979, 1646608432.1680667, 1646608435.749007, 1646608442.2806249, 1646608443.8456821, 1646608445.7055874, 1646608447.04537, 1646608448.7537801, 1646608455.9565609, 1646608457.2727294, 1646608458.5931392, 1646608459.9166195, 1646608461.379324, 1646608467.7221544, 1646608469.13601, 1646608470.4949222, 1646608471.9099455, 1646608473.4188027, 1646608480.0637126, 1646608481.4934895, 1646608483.0052652, 1646608484.4968548, 1646608485.9703772, 1646608492.5108032, 1646608493.892496, 1646608495.2747362, 1646608496.6450512, 1646608497.93389, 1646608504.4309983, 1646608505.7855473, 1646608507.126191, 1646608508.7923145, 1646608510.1143262, 1646608516.5405736, 1646608517.8867264, 1646608519.1463764, 1646608520.4695184, 1646608521.7861059, 1646608528.1586585, 1646608529.8510375, 1646608531.1769829, 1646608532.469855, 1646608533.8014855, 1646608540.3515515, 1646608541.706845], "episode_lengths": [200, 200, 200, 200, 200, 200, 200, 200, 200, 200, 200, 200, 200, 200, 200, 200, 200, 200, 200, 200, 200, 200, 200, 200, 200, 200, 200, 200, 200, 200, 200, 200, 200, 200, 200, 200, 200, 200, 200, 200, 200, 200, 200, 200, 200, 200, 200, 200, 200, 200, 200, 200, 200, 200, 200, 200, 200, 200, 200, 200, 200, 200, 200, 200, 200, 200, 200, 200, 200, 200, 200, 200, 200, 200, 200, 200, 200, 200, 200, 200, 200, 200, 200, 200, 200, 200, 200, 200, 200, 200, 200, 200, 200, 200, 200, 200, 200, 200, 200, 200, 200, 200, 200, 200, 200, 200, 200], "episode_rewards": [-1203.016707663268, -1138.6712773595757, -1379.1765590880777, -1482.7196160712983, -1346.1160539539985, -1390.6769686556868, -1334.6015858362991, -1244.251380391436, -1344.3927995385582, -1508.4658742090776, -1501.1531250174564, -1490.7014686939892, -1492.1990096406032, -1521.338916314512, -1455.6976726382034, -1032.619915450043, -1235.1434552509058, -1408.010551958216, -1521.5202623847672, -1469.7846895564423, -1552.6397978648363, -1599.243453966332, -1629.2537056352983, -1528.7221401870559, -1629.951330716771, -888.7088424235743, -1240.3650019596403, -883.2147345796576, -907.4152525468811, -884.182822736179, -765.4674962192623, -1443.3585449993002, -1017.7706179650038, -888.3788428273981, -1511.1362497704374, -1738.4094904085523, -883.704666129067, -1183.5566232058834, -1333.3801155139179, -1439.4605386250423, -1121.7437285896747, -1247.1813839131173, -1132.4746546945685, -1037.6841491873147, -894.3649454927137, -1299.1478705604661, -1137.2055310261042, -756.2593180585247, -1197.7429941812077, -1515.3941193447763, -740.0514100664844, -1058.954598790812, -1053.7874985477738, -1448.428675741853, -844.9762851080773, -867.8244935404749, -1753.2753531507215, -1399.39801354652, -1395.6548321395135, -1146.7242774754266, -1590.218360491382, -1616.1300826735478, -1212.071599582568, -1685.5397987233957, -1834.4976600119357, -1378.372669735851, -754.1627001253862, -1409.8836284536699, -1497.494418989112, -1352.313992895974, -1517.704527566767, -1495.9744930401007, -772.3975753638392, -1052.5474914010686, -1220.3120427696463, -1465.931661754738, -866.4914091363036, -855.2409005320333, -1416.7618087719163, -1324.7832493472094, -841.9289796747464, -754.7455662234686, -1356.7612763175116, -1314.4006210193825, -1320.8222111673242, -1278.6964495997465, -1556.6357630366233, -1525.8125844100189, -1328.5958887403165, -1337.0754275560462, -1287.5574087944256, -1249.3575929635804, -1236.320222436986, -1349.8503915735723, -1328.4192571872572, -1241.7716037218918, -1531.6978294763026, -1502.9086725899217, -1546.3484152397762, -1495.8454799486042, -1441.798788462139, -1526.6843701985972, -1550.862372800188, -1380.0964486456355, -1487.1922435243157, -1526.4146439115902, -1336.9298849188604], "episode_types": ["t", "t", "t", "t", "t", "t", "t", "t", "t", "t", "t", "t", "t", "t", "t", "t", "t", "t", "t", "t", "t", "t", "t", "t", "t", "t", "t", "t", "t", "t", "t", "t", "t", "t", "t", "t", "t", "t", "t", "t", "t", "t", "t", "t", "t", "t", "t", "t", "t", "t", "t", "t", "t", "t", "t", "t", "t", "t", "t", "t", "t", "t", "t", "t", "t", "t", "t", "t", "t", "t", "t", "t", "t", "t", "t", "t", "t", "t", "t", "t", "t", "t", "t", "t", "t", "t", "t", "t", "t", "t", "t", "t", "t", "t", "t", "t", "t", "t", "t", "t", "t", "t", "t", "t", "t", "t", "t", "t"]}